id_empenho;ano;data_empenho;cpfcnpjcredor;credor;valor;id_entidade;id_contrato;id_contrato;valor;data;objeto;id_entidade;id_fornecedor
EMP-235;2024;2024-01-12;00000010000110;TechServer Solucoes;8460,85;1;1151;1151;8460,85;2024-01-03;Manutencao de Ar Condicionado;1;10
EMP-236;2024;2024-01-14;00000050000150;Seguranca Total Ltda;36758,51;1;1152;1152;36758,51;2024-01-09;Merenda Escolar - Lote 1;1;50
EMP-237;2024;2024-01-10;00000080000180;Saude Vida Distribuidora;20100,28;1;1153;1153;20100,28;2024-01-05;Medicamentos Basicos;1;80
EMP-238;2024;2024-01-17;00000070000170;Merenda Boa Alimentos;36813,29;1;1154;1154;36813,29;2024-01-01;Consultoria Financeira;1;70
EMP-239;2024;2024-01-07;00000040000140;Papelaria Central;7384,57;1;1155;1155;7384,57;2024-01-02;Pavimentacao Rua X;1;40
EMP-240;2024;2024-01-04;00000070000170;Merenda Boa Alimentos;49051,89;1;1157;1157;49051,89;2024-01-07;Servico de Vigilancia 24h;1;70
EMP-241;2024;2024-01-16;00000090000190;Eventos & Promo;11742,04;1;1158;1158;11742,04;2024-01-05;Medicamentos Basicos;1;90
EMP-242;2024;2024-01-13;00000060000160;Transportes Rapido;7402,78;1;1159;1159;7402,78;2024-01-02;Pavimentacao Rua X;1;60
EMP-243;2024;2024-01-15;00000020000120;ConstruRio Engenharia;48482,6;1;1160;1160;48482,6;2024-01-11;Servico de Vigilancia 24h;1;20
EMP-244;2024;2024-01-08;000001200001120;TI Inovacao;41879,17;1;1161;1161;41879,17;2024-01-07;Manutencao de Ar Condicionado;1;120
EMP-245;2024;2024-01-14;00000040000140;Papelaria Central;16431,93;1;1162;1162;16431,93;2024-01-09;Servico de Vigilancia 24h;1;40
EMP-246;2024;2024-01-15;000001200001120;TI Inovacao;44557,91;1;1163;1163;44557,91;2024-01-11;Medicamentos Basicos;1;120
EMP-247;2024;2024-01-09;00000030000130;LimpMax Servicos;17737,22;1;1164;1164;17737,22;2024-01-02;Licencas de Software;1;30
EMP-248;2024;2024-01-14;00000040000140;Papelaria Central;17309,89;1;1165;1165;17309,89;2024-01-10;Reforma de Creche;1;40
EMP-249;2024;2024-01-09;00000070000170;Merenda Boa Alimentos;24801,41;1;1166;1166;24801,41;2024-01-02;Locacao de Veiculos;1;70
EMP-25;2024;2024-01-10;00000020000120;ConstruRio Engenharia;7059,21;1;1167;1167;7059,21;2024-01-07;Fornecimento de Papel A4;1;20
EMP-250;2024;2024-01-10;000001000001100;Consultoria Estrategica;8928,78;1;1168;1168;8928,78;2024-01-11;Consultoria Financeira;1;100
EMP-251;2024;2024-01-03;00000090000190;Eventos & Promo;6960,05;1;1169;1169;6960,05;2024-01-04;Merenda Escolar - Lote 1;1;90
EMP-252;2024;2024-01-17;00000070000170;Merenda Boa Alimentos;18596,25;1;1170;1170;18596,25;2024-01-08;Consultoria Financeira;1;70
EMP-253;2024;2024-01-12;00000030000130;LimpMax Servicos;31621,19;1;1171;1171;31621,19;2024-01-09;Fornecimento de Papel A4;1;30
EMP-255;2024;2024-01-05;00000010000110;TechServer Solucoes;43181,95;1;1173;1173;43181,95;2024-01-11;Medicamentos Basicos;1;10
EMP-256;2024;2024-01-11;00000010000110;TechServer Solucoes;38390,66;1;1174;1174;38390,66;2024-01-03;Manutencao de Ar Condicionado;1;10
EMP-257;2024;2024-01-17;00000080000180;Saude Vida Distribuidora;7356,19;1;1175;1175;7356,19;2024-01-06;Merenda Escolar - Lote 1;1;80
EMP-258;2024;2024-01-14;00000020000120;ConstruRio Engenharia;38383,03;1;1176;1176;38383,03;2024-01-09;Consultoria Financeira;1;20
EMP-259;2024;2024-01-10;00000070000170;Merenda Boa Alimentos;17296,25;1;1177;1177;17296,25;2024-01-05;Manutencao de Ar Condicionado;1;70
EMP-26;2024;2024-01-07;000001100001110;Obras Viarias RJ;29523,22;1;1178;1178;29523,22;2024-01-08;Consultoria Financeira;1;110
EMP-260;2024;2024-01-20;000001200001120;TI Inovacao;6085,45;1;1179;1179;6085,45;2024-01-08;Servico de Vigilancia 24h;1;120
EMP-261;2024;2024-01-09;000001000001100;Consultoria Estrategica;47024,15;1;1180;1180;47024,15;2024-01-09;Merenda Escolar - Lote 1;1;100
EMP-262;2024;2024-01-08;000001200001120;TI Inovacao;43915,4;1;1181;1181;43915,4;2024-01-07;Servico de Vigilancia 24h;1;120
EMP-263;2024;2024-01-04;00000080000180;Saude Vida Distribuidora;46378,1;1;1182;1182;46378,1;2024-01-10;Manutencao de Ar Condicionado;1;80
EMP-264;2024;2024-01-04;00000060000160;Transportes Rapido;43069,99;1;1183;1183;43069,99;2024-01-10;Reforma de Creche;1;60
EMP-265;2024;2024-01-17;00000020000120;ConstruRio Engenharia;7899,4;1;1184;1184;7899,4;2024-01-09;Merenda Escolar - Lote 1;1;20
EMP-266;2024;2024-01-19;000001000001100;Consultoria Estrategica;43816,49;1;1185;1185;43816,49;2024-01-06;Pavimentacao Rua X;1;100
EMP-267;2024;2024-01-15;00000010000110;TechServer Solucoes;9697,15;1;1186;1186;9697,15;2024-01-02;Pavimentacao Rua X;1;10
EMP-268;2024;2024-01-18;000001200001120;TI Inovacao;38202,47;1;1187;1187;38202,47;2024-01-06;Licencas de Software;1;120
EMP-269;2024;2024-01-19;00000010000110;TechServer Solucoes;46565,04;1;1188;1188;46565,04;2024-01-05;Merenda Escolar - Lote 1;1;10
EMP-27;2024;2024-01-20;00000020000120;ConstruRio Engenharia;11378,19;1;1189;1189;11378,19;2024-01-09;Merenda Escolar - Lote 1;1;20
EMP-270;2024;2024-01-13;00000060000160;Transportes Rapido;5731,64;1;1190;1190;5731,64;2024-01-04;Consultoria Financeira;1;60
EMP-271;2024;2024-01-12;00000010000110;TechServer Solucoes;12324,1;1;1191;1191;12324,1;2024-01-03;Licencas de Software;1;10
EMP-272;2024;2024-01-20;000001200001120;TI Inovacao;42796,97;1;1192;1192;42796,97;2024-01-03;Servico de Vigilancia 24h;1;120
EMP-273;2024;2024-01-05;000001100001110;Obras Viarias RJ;34572,41;1;1193;1193;34572,41;2024-01-06;Licencas de Software;1;110
EMP-274;2024;2024-01-19;00000060000160;Transportes Rapido;11008,32;1;1194;1194;11008,32;2024-01-10;Licencas de Software;1;60
EMP-275;2024;2024-01-07;00000060000160;Transportes Rapido;6714,63;1;1195;1195;6714,63;2024-01-06;Medicamentos Basicos;1;60
EMP-276;2024;2024-01-05;00000030000130;LimpMax Servicos;4185,99;1;1196;1196;4185,99;2024-01-09;Merenda Escolar - Lote 1;1;30
EMP-277;2024;2024-01-12;00000040000140;Papelaria Central;2261,26;1;1197;1197;2261,26;2024-01-07;Reforma de Creche;1;40
EMP-278;2024;2024-01-18;00000060000160;Transportes Rapido;17852,86;1;1198;1198;17852,86;2024-01-09;Merenda Escolar - Lote 1;1;60
EMP-279;2024;2024-01-09;000001200001120;TI Inovacao;13870,51;1;1199;1199;13870,51;2024-01-11;Reforma de Creche;1;120
EMP-280;2024;2024-01-07;00000030000130;LimpMax Servicos;46306,76;1;1201;1201;46306,76;2024-01-01;Medicamentos Basicos;1;30
EMP-281;2024;2024-01-12;00000050000150;Seguranca Total Ltda;2952,6;1;1202;1202;2952,6;2024-01-06;Fornecimento de Papel A4;1;50
EMP-282;2024;2024-01-10;00000060000160;Transportes Rapido;23631,38;1;1203;1203;23631,38;2024-01-06;Licencas de Software;1;60
EMP-283;2024;2024-01-10;00000090000190;Eventos & Promo;6191,4;1;1204;1204;6191,4;2024-01-06;Manutencao de Ar Condicionado;1;90
EMP-284;2024;2024-01-12;000001000001100;Consultoria Estrategica;1402,15;1;1205;1205;1402,15;2024-01-08;Locacao de Veiculos;1;100
EMP-286;2024;2024-01-05;00000020000120;ConstruRio Engenharia;6451,56;1;1207;1207;6451,56;2024-01-04;Reforma de Creche;1;20
EMP-287;2024;2024-01-08;00000070000170;Merenda Boa Alimentos;47244,19;1;1208;1208;47244,19;2024-01-04;Manutencao de Ar Condicionado;1;70
EMP-288;2024;2024-01-08;000001000001100;Consultoria Estrategica;9751,96;1;1209;1209;9751,96;2024-01-10;Merenda Escolar - Lote 1;1;100
EMP-289;2024;2024-01-13;000001200001120;TI Inovacao;48416,25;1;1210;1210;48416,25;2024-01-04;Manutencao de Ar Condicionado;1;120
EMP-29;2024;2024-01-17;000001100001110;Obras Viarias RJ;42296,8;1;1211;1211;42296,8;2024-01-08;Consultoria Financeira;1;110
EMP-290;2024;2024-01-11;00000040000140;Papelaria Central;11362,07;1;1212;1212;11362,07;2024-01-11;Manutencao de Ar Condicionado;1;40
EMP-291;2024;2024-01-12;00000020000120;ConstruRio Engenharia;45211,11;1;1213;1213;45211,11;2024-01-01;Locacao de Veiculos;1;20
EMP-292;2024;2024-01-07;000001100001110;Obras Viarias RJ;24678,4;1;1214;1214;24678,4;2024-01-11;Fornecimento de Papel A4;1;110
EMP-293;2024;2024-01-12;00000010000110;TechServer Solucoes;46407,38;1;1215;1215;46407,38;2024-01-03;Licencas de Software;1;10
EMP-294;2024;2024-01-13;00000080000180;Saude Vida Distribuidora;2495,05;1;1216;1216;2495,05;2024-01-04;Consultoria Financeira;1;80
EMP-295;2024;2024-01-09;000001100001110;Obras Viarias RJ;46303,81;1;1217;1217;46303,81;2024-01-06;Locacao de Veiculos;1;110
EMP-296;2024;2024-01-05;00000070000170;Merenda Boa Alimentos;6056,41;1;1218;1218;6056,41;2024-01-07;Medicamentos Basicos;1;70
EMP-297;2024;2024-01-09;00000030000130;LimpMax Servicos;16101,87;1;1219;1219;16101,87;2024-01-04;Reforma de Creche;1;30
EMP-299;2024;2024-01-09;00000050000150;Seguranca Total Ltda;36801,86;1;1221;1221;36801,86;2024-01-11;Locacao de Veiculos;1;50
EMP-3;2024;2024-01-09;000001100001110;Obras Viarias RJ;35068,63;1;1222;1222;35068,63;2024-01-10;Locacao de Veiculos;1;110
EMP-30;2024;2024-01-17;000001200001120;TI Inovacao;3588,3;1;1223;1223;3588,3;2024-01-04;Reforma de Creche;1;120
EMP-300;2024;2024-01-07;000001100001110;Obras Viarias RJ;35067,48;1;1224;1224;35067,48;2024-01-04;Licencas de Software;1;110
EMP-301;2024;2024-01-13;00000010000110;TechServer Solucoes;33341,0;1;1225;1225;33341,0;2024-01-03;Merenda Escolar - Lote 1;1;10
EMP-302;2024;2024-01-11;00000070000170;Merenda Boa Alimentos;9923,46;1;1226;1226;9923,46;2024-01-07;Locacao de Veiculos;1;70
EMP-303;2024;2024-01-16;00000070000170;Merenda Boa Alimentos;17112,92;1;1227;1227;17112,92;2024-01-01;Medicamentos Basicos;1;70
EMP-304;2024;2024-01-20;00000030000130;LimpMax Servicos;43103,13;1;1228;1228;43103,13;2024-01-07;Reforma de Creche;1;30
EMP-306;2024;2024-01-12;00000050000150;Seguranca Total Ltda;18570,65;1;1230;1230;18570,65;2024-01-06;Consultoria Financeira;1;50
EMP-307;2024;2024-01-17;000001000001100;Consultoria Estrategica;35055,99;1;1231;1231;35055,99;2024-01-01;Pavimentacao Rua X;1;100
EMP-308;2024;2024-01-06;000001100001110;Obras Viarias RJ;25569,5;1;1232;1232;25569,5;2024-01-10;Locacao de Veiculos;1;110
EMP-309;2024;2024-01-12;00000030000130;LimpMax Servicos;19130,97;1;1233;1233;19130,97;2024-01-07;Servico de Vigilancia 24h;1;30
EMP-310;2024;2024-01-14;00000070000170;Merenda Boa Alimentos;40748,1;1;1235;1235;40748,1;2024-01-05;Manutencao de Ar Condicionado;1;70
EMP-311;2024;2024-01-18;00000030000130;LimpMax Servicos;11733,23;1;1236;1236;11733,23;2024-01-06;Licencas de Software;1;30
EMP-312;2024;2024-01-11;00000010000110;TechServer Solucoes;13266,38;1;1237;1237;13266,38;2024-01-03;Fornecimento de Papel A4;1;10
EMP-313;2024;2024-01-12;00000080000180;Saude Vida Distribuidora;31210,06;1;1238;1238;31210,06;2024-01-11;Pavimentacao Rua X;1;80
EMP-314;2024;2024-01-16;00000030000130;LimpMax Servicos;41920,97;1;1239;1239;41920,97;2024-01-04;Locacao de Veiculos;1;30
EMP-315;2024;2024-01-17;00000060000160;Transportes Rapido;49220,7;1;1240;1240;49220,7;2024-01-03;Servico de Vigilancia 24h;1;60
EMP-316;2024;2024-01-09;000001100001110;Obras Viarias RJ;15112,6;1;1241;1241;15112,6;2024-01-09;Reforma de Creche;1;110
EMP-317;2024;2024-01-06;00000090000190;Eventos & Promo;12527,15;1;1242;1242;12527,15;2024-01-05;Medicamentos Basicos;1;90
EMP-318;2024;2024-01-12;00000030000130;LimpMax Servicos;34913,61;1;1243;1243;34913,61;2024-01-10;Pavimentacao Rua X;1;30
EMP-319;2024;2024-01-12;00000040000140;Papelaria Central;42940,72;1;1244;1244;42940,72;2024-01-03;Merenda Escolar - Lote 1;1;40
EMP-32;2024;2024-01-11;000001200001120;TI Inovacao;3176,4;1;1245;1245;3176,4;2024-01-06;Servico de Vigilancia 24h;1;120
EMP-320;2024;2024-01-11;000001100001110;Obras Viarias RJ;29284,03;1;1246;1246;29284,03;2024-01-05;Merenda Escolar - Lote 1;1;110
EMP-321;2024;2024-01-05;000001000001100;Consultoria Estrategica;21052,05;1;1247;1247;21052,05;2024-01-06;Locacao de Veiculos;1;100
EMP-322;2024;2024-01-09;00000040000140;Papelaria Central;42702,77;1;1248;1248;42702,77;2024-01-11;Locacao de Veiculos;1;40
EMP-323;2024;2024-01-18;00000040000140;Papelaria Central;4586,42;1;1249;1249;4586,42;2024-01-07;Pavimentacao Rua X;1;40
EMP-324;2024;2024-01-14;000001200001120;TI Inovacao;18405,09;1;1250;1250;18405,09;2024-01-05;Locacao de Veiculos;1;120
EMP-325;2024;2024-01-06;00000070000170;Merenda Boa Alimentos;35328,12;1;1251;1251;35328,12;2024-01-02;Pavimentacao Rua X;1;70
EMP-326;2024;2024-01-16;00000030000130;LimpMax Servicos;34509,25;1;1252;1252;34509,25;2024-01-08;Fornecimento de Papel A4;1;30
EMP-327;2024;2024-01-16;00000010000110;TechServer Solucoes;29893,96;1;1253;1253;29893,96;2024-01-03;Medicamentos Basicos;1;10
EMP-328;2024;2024-01-08;00000010000110;TechServer Solucoes;10748,24;1;1254;1254;10748,24;2024-01-02;Pavimentacao Rua X;1;10
EMP-329;2024;2024-01-18;00000070000170;Merenda Boa Alimentos;6864,7;1;1255;1255;6864,7;2024-01-01;Consultoria Financeira;1;70
EMP-33;2024;2024-01-13;00000070000170;Merenda Boa Alimentos;29250,03;1;1256;1256;29250,03;2024-01-03;Licencas de Software;1;70
EMP-330;2024;2024-01-16;000001200001120;TI Inovacao;30623,71;1;1257;1257;30623,71;2024-01-09;Locacao de Veiculos;1;120
EMP-331;2024;2024-01-06;00000040000140;Papelaria Central;4188,74;1;1258;1258;4188,74;2024-01-05;Locacao de Veiculos;1;40
EMP-332;2024;2024-01-05;00000080000180;Saude Vida Distribuidora;45515,16;1;1259;1259;45515,16;2024-01-02;Licencas de Software;1;80
EMP-333;2024;2024-01-04;00000050000150;Seguranca Total Ltda;38561,69;1;1260;1260;38561,69;2024-01-11;Reforma de Creche;1;50
EMP-334;2024;2024-01-15;00000070000170;Merenda Boa Alimentos;19261,46;1;1261;1261;19261,46;2024-01-02;Servico de Vigilancia 24h;1;70
EMP-335;2024;2024-01-09;00000040000140;Papelaria Central;36368,37;1;1262;1262;36368,37;2024-01-01;Servico de Vigilancia 24h;1;40
EMP-336;2024;2024-01-05;000001100001110;Obras Viarias RJ;32325,6;1;1263;1263;32325,6;2024-01-01;Medicamentos Basicos;1;110
EMP-337;2024;2024-01-12;00000040000140;Papelaria Central;42526,25;1;1264;1264;42526,25;2024-01-02;Medicamentos Basicos;1;40
EMP-338;2024;2024-01-12;00000010000110;TechServer Solucoes;13437,33;1;1265;1265;13437,33;2024-01-07;Manutencao de Ar Condicionado;1;10
EMP-339;2024;2024-01-14;000001000001100;Consultoria Estrategica;5833,66;1;1266;1266;5833,66;2024-01-09;Licencas de Software;1;100
EMP-34;2024;2024-01-16;00000010000110;TechServer Solucoes;26432,34;1;1267;1267;26432,34;2024-01-07;Locacao de Veiculos;1;10
EMP-340;2024;2024-01-13;00000070000170;Merenda Boa Alimentos;20105,97;1;1268;1268;20105,97;2024-01-11;Merenda Escolar - Lote 1;1;70
EMP-341;2024;2024-01-09;00000070000170;Merenda Boa Alimentos;4579,91;1;1269;1269;4579,91;2024-01-09;Fornecimento de Papel A4;1;70
EMP-342;2024;2024-01-05;00000010000110;TechServer Solucoes;35241,31;1;1270;1270;35241,31;2024-01-06;Merenda Escolar - Lote 1;1;10
EMP-343;2024;2024-01-13;00000070000170;Merenda Boa Alimentos;32037,77;1;1271;1271;32037,77;2024-01-03;Licencas de Software;1;70
EMP-345;2024;2024-01-14;00000070000170;Merenda Boa Alimentos;32682,09;1;1273;1273;32682,09;2024-01-02;Fornecimento de Papel A4;1;70
EMP-346;2024;2024-01-08;00000040000140;Papelaria Central;42794,46;1;1274;1274;42794,46;2024-01-10;Fornecimento de Papel A4;1;40
EMP-347;2024;2024-01-03;000001000001100;Consultoria Estrategica;23294,88;1;1275;1275;23294,88;2024-01-06;Licencas de Software;1;100
EMP-348;2024;2024-01-11;00000080000180;Saude Vida Distribuidora;23446,41;1;1276;1276;23446,41;2024-01-04;Fornecimento de Papel A4;1;80
EMP-349;2024;2024-01-16;00000010000110;TechServer Solucoes;46520,7;1;1277;1277;46520,7;2024-01-05;Reforma de Creche;1;10
EMP-35;2024;2024-01-10;00000020000120;ConstruRio Engenharia;32509,19;1;1278;1278;32509,19;2024-01-08;Locacao de Veiculos;1;20
EMP-350;2024;2024-01-08;00000020000120;ConstruRio Engenharia;10749,83;1;1279;1279;10749,83;2024-01-08;Servico de Vigilancia 24h;1;20
EMP-351;2024;2024-01-10;00000040000140;Papelaria Central;39575,3;1;1280;1280;39575,3;2024-01-06;Consultoria Financeira;1;40
EMP-352;2024;2024-01-14;000001200001120;TI Inovacao;35625,94;1;1281;1281;35625,94;2024-01-11;Locacao de Veiculos;1;120
EMP-353;2024;2024-01-04;00000090000190;Eventos & Promo;48335,1;1;1282;1282;48335,1;2024-01-02;Consultoria Financeira;1;90
EMP-354;2024;2024-01-12;000001200001120;TI Inovacao;33507,95;1;1283;1283;33507,95;2024-01-07;Consultoria Financeira;1;120
EMP-355;2024;2024-01-13;000001100001110;Obras Viarias RJ;29887,4;1;1284;1284;29887,4;2024-01-03;Servico de Vigilancia 24h;1;110
EMP-356;2024;2024-01-10;00000070000170;Merenda Boa Alimentos;23531,4;1;1285;1285;23531,4;2024-01-07;Consultoria Financeira;1;70
EMP-357;2024;2024-01-12;00000010000110;TechServer Solucoes;49633,66;1;1286;1286;49633,66;2024-01-04;Pavimentacao Rua X;1;10
EMP-358;2024;2024-01-20;000001200001120;TI Inovacao;7256,23;1;1287;1287;7256,23;2024-01-04;Pavimentacao Rua X;1;120
EMP-359;2024;2024-01-10;000001200001120;TI Inovacao;29731,09;1;1288;1288;29731,09;2024-01-03;Consultoria Financeira;1;120
EMP-36;2024;2024-01-10;00000020000120;ConstruRio Engenharia;29914,51;1;1289;1289;29914,51;2024-01-10;Medicamentos Basicos;1;20
EMP-360;2024;2024-01-14;00000030000130;LimpMax Servicos;22373,88;1;1290;1290;22373,88;2024-01-09;Reforma de Creche;1;30
EMP-361;2024;2024-01-12;00000010000110;TechServer Solucoes;32554,52;1;1291;1291;32554,52;2024-01-03;Servico de Vigilancia 24h;1;10
EMP-362;2024;2024-01-13;000001000001100;Consultoria Estrategica;32904,72;1;1292;1292;32904,72;2024-01-03;Locacao de Veiculos;1;100
EMP-363;2024;2024-01-14;00000010000110;TechServer Solucoes;40982,11;1;1293;1293;40982,11;2024-01-02;Servico de Vigilancia 24h;1;10
EMP-364;2024;2024-01-15;00000050000150;Seguranca Total Ltda;19700,15;1;1294;1294;19700,15;2024-01-05;Manutencao de Ar Condicionado;1;50
EMP-365;2024;2024-01-17;00000060000160;Transportes Rapido;44009,43;1;1295;1295;44009,43;2024-01-03;Medicamentos Basicos;1;60
EMP-366;2024;2024-01-07;00000010000110;TechServer Solucoes;35424,66;1;1296;1296;35424,66;2024-01-03;Consultoria Financeira;1;10
EMP-367;2024;2024-01-16;000001000001100;Consultoria Estrategica;16998,06;1;1297;1297;16998,06;2024-01-01;Reforma de Creche;1;100
EMP-368;2024;2024-01-14;00000060000160;Transportes Rapido;30899,48;1;1298;1298;30899,48;2024-01-07;Medicamentos Basicos;1;60
EMP-369;2024;2024-01-12;000001200001120;TI Inovacao;24629,72;1;1299;1299;24629,72;2024-01-02;Manutencao de Ar Condicionado;1;120
EMP-37;2024;2024-01-08;00000090000190;Eventos & Promo;26004,83;1;1300;1300;26004,83;2024-01-04;Manutencao de Ar Condicionado;1;90
EMP-370;2024;2024-01-20;000001200001120;TI Inovacao;19554,15;1;1301;1301;19554,15;2024-01-03;Reforma de Creche;1;120
EMP-371;2024;2024-01-16;00000040000140;Papelaria Central;44816,41;1;1302;1302;44816,41;2024-01-03;Reforma de Creche;1;40
EMP-372;2024;2024-01-11;000001100001110;Obras Viarias RJ;41676,42;1;1303;1303;41676,42;2024-01-09;Merenda Escolar - Lote 1;1;110
EMP-373;2024;2024-01-17;00000070000170;Merenda Boa Alimentos;24577,63;1;1304;1304;24577,63;2024-01-10;Reforma de Creche;1;70
EMP-375;2024;2024-01-09;000001000001100;Consultoria Estrategica;21997,26;1;1306;1306;21997,26;2024-01-10;Fornecimento de Papel A4;1;100
EMP-376;2024;2024-01-09;00000080000180;Saude Vida Distribuidora;44637,97;1;1307;1307;44637,97;2024-01-09;Manutencao de Ar Condicionado;1;80
EMP-377;2024;2024-01-12;00000050000150;Seguranca Total Ltda;46763,37;1;1308;1308;46763,37;2024-01-01;Locacao de Veiculos;1;50
EMP-378;2024;2024-01-08;00000070000170;Merenda Boa Alimentos;15497,35;1;1309;1309;15497,35;2024-01-02;Reforma de Creche;1;70
EMP-379;2024;2024-01-20;00000090000190;Eventos & Promo;4606,14;1;1310;1310;4606,14;2024-01-04;Manutencao de Ar Condicionado;1;90
EMP-38;2024;2024-01-14;00000090000190;Eventos & Promo;15883,08;1;1311;1311;15883,08;2024-01-09;Medicamentos Basicos;1;90
EMP-380;2024;2024-01-06;00000040000140;Papelaria Central;35166,58;1;1312;1312;35166,58;2024-01-04;Pavimentacao Rua X;1;40
EMP-381;2024;2024-01-10;00000080000180;Saude Vida Distribuidora;13265,19;1;1313;1313;13265,19;2024-01-09;Reforma de Creche;1;80
EMP-382;2024;2024-01-19;00000060000160;Transportes Rapido;17710,44;1;1314;1314;17710,44;2024-01-08;Servico de Vigilancia 24h;1;60
EMP-383;2024;2024-01-12;00000020000120;ConstruRio Engenharia;1124,98;1;1315;1315;1124,98;2024-01-10;Pavimentacao Rua X;1;20
EMP-384;2024;2024-01-05;00000050000150;Seguranca Total Ltda;44424,99;1;1316;1316;44424,99;2024-01-04;Merenda Escolar - Lote 1;1;50
EMP-385;2024;2024-01-15;00000060000160;Transportes Rapido;43381,49;1;1317;1317;43381,49;2024-01-02;Servico de Vigilancia 24h;1;60
EMP-386;2024;2024-01-16;000001000001100;Consultoria Estrategica;48151,13;1;1318;1318;48151,13;2024-01-10;Merenda Escolar - Lote 1;1;100
EMP-387;2024;2024-01-07;000001200001120;TI Inovacao;30252,15;1;1319;1319;30252,15;2024-01-05;Merenda Escolar - Lote 1;1;120
EMP-388;2024;2024-01-11;00000080000180;Saude Vida Distribuidora;3838,53;1;1320;1320;3838,53;2024-01-07;Reforma de Creche;1;80
EMP-24;2024;2024-01-16;00000030000130;LimpMax Servicos;19993,48;1;1156;1156;19993,48;2024-01-06;Licencas de Software;1;30
EMP-254;2024;2024-01-04;00000050000150;Seguranca Total Ltda;4355,69;1;1172;1172;4355,69;2024-01-03;Fornecimento de Papel A4;1;50
EMP-28;2024;2024-01-09;00000080000180;Saude Vida Distribuidora;31096,5;1;1200;1200;31096,5;2024-01-04;Licencas de Software;1;80
EMP-285;2024;2024-01-08;00000010000110;TechServer Solucoes;4628,08;1;1206;1206;4628,08;2024-01-05;Merenda Escolar - Lote 1;1;10
EMP-298;2024;2024-01-15;00000050000150;Seguranca Total Ltda;34502,45;1;1220;1220;34502,45;2024-01-10;Consultoria Financeira;1;50
EMP-305;2024;2024-01-14;00000060000160;Transportes Rapido;1837,95;1;1229;1229;1837,95;2024-01-06;Reforma de Creche;1;60
EMP-31;2024;2024-01-11;00000090000190;Eventos & Promo;36969,41;1;1234;1234;36969,41;2024-01-09;Fornecimento de Papel A4;1;90
EMP-344;2024;2024-01-09;00000080000180;Saude Vida Distribuidora;19311,42;1;1272;1272;19311,42;2024-01-11;Manutencao de Ar Condicionado;1;80
EMP-374;2024;2024-01-12;000001200001120;TI Inovacao;7128,08;1;1305;1305;7128,08;2024-01-08;Locacao de Veiculos;1;120
EMP-389;2024;2024-01-10;00000040000140;Papelaria Central;12598,98;1;1321;1321;12598,98;2024-01-04;Servico de Vigilancia 24h;1;40
EMP-39;2024;2024-01-18;00000060000160;Transportes Rapido;25135,27;1;1322;1322;25135,27;2024-01-05;Pavimentacao Rua X;1;60
EMP-390;2024;2024-01-10;00000090000190;Eventos & Promo;2023,71;1;1323;1323;2023,71;2024-01-09;Merenda Escolar - Lote 1;1;90
EMP-391;2024;2024-01-12;00000090000190;Eventos & Promo;43353,65;1;1324;1324;43353,65;2024-01-04;Pavimentacao Rua X;1;90
EMP-392;2024;2024-01-11;000001200001120;TI Inovacao;45320,83;1;1325;1325;45320,83;2024-01-05;Servico de Vigilancia 24h;1;120
EMP-393;2024;2024-01-12;00000030000130;LimpMax Servicos;4937,87;1;1326;1326;4937,87;2024-01-06;Consultoria Financeira;1;30
EMP-394;2024;2024-01-07;00000060000160;Transportes Rapido;34801,36;1;1327;1327;34801,36;2024-01-10;Reforma de Creche;1;60
EMP-395;2024;2024-01-14;00000080000180;Saude Vida Distribuidora;19706,95;1;1328;1328;19706,95;2024-01-05;Pavimentacao Rua X;1;80
EMP-396;2024;2024-01-05;00000040000140;Papelaria Central;9191,48;1;1329;1329;9191,48;2024-01-11;Locacao de Veiculos;1;40
EMP-397;2024;2024-01-16;00000050000150;Seguranca Total Ltda;29742,53;1;1330;1330;29742,53;2024-01-10;Licencas de Software;1;50
EMP-13;2024;2024-01-08;000001200001120;TI Inovacao;31200,76;1;1034;1034;18909,55;2024-01-11;Manutencao de Ar Condicionado;1;120
EMP-398;2024;2024-01-20;00000010000110;TechServer Solucoes;21358,43;1;1331;1331;21358,43;2024-01-04;Consultoria Financeira;1;10
EMP-399;2024;2024-01-17;000001200001120;TI Inovacao;11919,76;1;1332;1332;11919,76;2024-01-04;Reforma de Creche;1;120
EMP-4;2024;2024-01-11;000001100001110;Obras Viarias RJ;49543,99;1;1333;1333;49543,99;2024-01-03;Consultoria Financeira;1;110
EMP-40;2024;2024-01-04;00000030000130;LimpMax Servicos;28655,81;1;1334;1334;28655,81;2024-01-09;Medicamentos Basicos;1;30
EMP-400;2024;2024-01-15;00000010000110;TechServer Solucoes;19131,77;1;1335;1335;19131,77;2024-01-04;Locacao de Veiculos;1;10
EMP-401;2024;2024-01-04;000001000001100;Consultoria Estrategica;27672,62;1;1336;1336;27672,62;2024-01-01;Manutencao de Ar Condicionado;1;100
EMP-402;2024;2024-01-08;00000050000150;Seguranca Total Ltda;41416,06;1;1337;1337;41416,06;2024-01-07;Locacao de Veiculos;1;50
EMP-403;2024;2024-01-06;00000080000180;Saude Vida Distribuidora;33264,62;1;1338;1338;33264,62;2024-01-06;Merenda Escolar - Lote 1;1;80
EMP-404;2024;2024-01-14;000001200001120;TI Inovacao;5334,34;1;1339;1339;5334,34;2024-01-09;Locacao de Veiculos;1;120
EMP-405;2024;2024-01-07;00000010000110;TechServer Solucoes;46587,39;1;1340;1340;46587,39;2024-01-05;Manutencao de Ar Condicionado;1;10
EMP-406;2024;2024-01-13;00000030000130;LimpMax Servicos;44520,68;1;1341;1341;44520,68;2024-01-07;Licencas de Software;1;30
EMP-408;2024;2024-01-06;000001000001100;Consultoria Estrategica;9154,63;1;1342;1342;9154,63;2024-01-02;Pavimentacao Rua X;1;100
EMP-409;2024;2024-01-09;00000040000140;Papelaria Central;23998,96;1;1343;1343;23998,96;2024-01-10;Fornecimento de Papel A4;1;40
EMP-41;2024;2024-01-17;00000010000110;TechServer Solucoes;22960,14;1;1344;1344;22960,14;2024-01-06;Merenda Escolar - Lote 1;1;10
EMP-410;2024;2024-01-04;00000040000140;Papelaria Central;29631,12;1;1345;1345;29631,12;2024-01-09;Fornecimento de Papel A4;1;40
EMP-411;2024;2024-01-15;000001200001120;TI Inovacao;28774,84;1;1346;1346;28774,84;2024-01-04;Manutencao de Ar Condicionado;1;120
EMP-412;2024;2024-01-08;00000030000130;LimpMax Servicos;25365,4;1;1347;1347;25365,4;2024-01-01;Manutencao de Ar Condicionado;1;30
EMP-413;2024;2024-01-10;00000010000110;TechServer Solucoes;23427,23;1;1348;1348;23427,23;2024-01-04;Fornecimento de Papel A4;1;10
EMP-414;2024;2024-01-04;00000010000110;TechServer Solucoes;24324,72;1;1349;1349;24324,72;2024-01-07;Medicamentos Basicos;1;10
EMP-415;2024;2024-01-05;000001000001100;Consultoria Estrategica;10317,13;1;1350;1350;10317,13;2024-01-01;Servico de Vigilancia 24h;1;100
EMP-416;2024;2024-01-09;00000070000170;Merenda Boa Alimentos;2548,67;1;1351;1351;2548,67;2024-01-05;Locacao de Veiculos;1;70
EMP-417;2024;2024-01-13;00000060000160;Transportes Rapido;35166,3;1;1352;1352;35166,3;2024-01-06;Licencas de Software;1;60
EMP-418;2024;2024-01-13;00000060000160;Transportes Rapido;11205,79;1;1353;1353;11205,79;2024-01-02;Reforma de Creche;1;60
EMP-419;2024;2024-01-13;00000060000160;Transportes Rapido;37932,42;1;1354;1354;37932,42;2024-01-08;Servico de Vigilancia 24h;1;60
EMP-42;2024;2024-01-11;00000070000170;Merenda Boa Alimentos;41206,22;1;1355;1355;41206,22;2024-01-06;Pavimentacao Rua X;1;70
EMP-420;2024;2024-01-10;000001000001100;Consultoria Estrategica;6978,25;1;1356;1356;6978,25;2024-01-04;Manutencao de Ar Condicionado;1;100
EMP-421;2024;2024-01-10;00000010000110;TechServer Solucoes;13278,62;1;1357;1357;13278,62;2024-01-06;Fornecimento de Papel A4;1;10
EMP-422;2024;2024-01-04;000001200001120;TI Inovacao;1979,22;1;1358;1358;1979,22;2024-01-11;Reforma de Creche;1;120
EMP-423;2024;2024-01-06;00000090000190;Eventos & Promo;43086,89;1;1359;1359;43086,89;2024-01-09;Licencas de Software;1;90
EMP-424;2024;2024-01-08;00000080000180;Saude Vida Distribuidora;29458,73;1;1360;1360;29458,73;2024-01-07;Manutencao de Ar Condicionado;1;80
EMP-425;2024;2024-01-10;00000060000160;Transportes Rapido;16119,48;1;1361;1361;16119,48;2024-01-08;Merenda Escolar - Lote 1;1;60
EMP-426;2024;2024-01-08;000001000001100;Consultoria Estrategica;6557,9;1;1362;1362;6557,9;2024-01-08;Locacao de Veiculos;1;100
EMP-427;2024;2024-01-20;00000080000180;Saude Vida Distribuidora;11256,17;1;1363;1363;11256,17;2024-01-10;Medicamentos Basicos;1;80
EMP-428;2024;2024-01-05;000001100001110;Obras Viarias RJ;11222,39;1;1364;1364;11222,39;2024-01-05;Pavimentacao Rua X;1;110
EMP-429;2024;2024-01-05;00000010000110;TechServer Solucoes;48712,57;1;1365;1365;48712,57;2024-01-09;Pavimentacao Rua X;1;10
EMP-43;2024;2024-01-10;00000010000110;TechServer Solucoes;24321,83;1;1366;1366;24321,83;2024-01-06;Consultoria Financeira;1;10
EMP-430;2024;2024-01-06;000001100001110;Obras Viarias RJ;1024,7;1;1367;1367;1024,7;2024-01-11;Servico de Vigilancia 24h;1;110
EMP-431;2024;2024-01-10;000001200001120;TI Inovacao;16289,74;1;1368;1368;16289,74;2024-01-05;Pavimentacao Rua X;1;120
EMP-432;2024;2024-01-14;00000030000130;LimpMax Servicos;43099,65;1;1369;1369;43099,65;2024-01-09;Merenda Escolar - Lote 1;1;30
EMP-433;2024;2024-01-06;00000050000150;Seguranca Total Ltda;5207,67;1;1370;1370;5207,67;2024-01-11;Consultoria Financeira;1;50
EMP-434;2024;2024-01-20;00000020000120;ConstruRio Engenharia;14843,61;1;1371;1371;14843,61;2024-01-06;Locacao de Veiculos;1;20
EMP-435;2024;2024-01-07;00000010000110;TechServer Solucoes;43869,31;1;1372;1372;43869,31;2024-01-09;Licencas de Software;1;10
EMP-436;2024;2024-01-13;00000020000120;ConstruRio Engenharia;35534,78;1;1373;1373;35534,78;2024-01-10;Consultoria Financeira;1;20
EMP-437;2024;2024-01-13;00000030000130;LimpMax Servicos;47210,21;1;1374;1374;47210,21;2024-01-09;Medicamentos Basicos;1;30
EMP-438;2024;2024-01-12;000001000001100;Consultoria Estrategica;33896,73;1;1375;1375;33896,73;2024-01-05;Pavimentacao Rua X;1;100
EMP-439;2024;2024-01-14;00000040000140;Papelaria Central;26979,74;1;1376;1376;26979,74;2024-01-04;Manutencao de Ar Condicionado;1;40
EMP-44;2024;2024-01-07;00000050000150;Seguranca Total Ltda;32686,27;1;1377;1377;32686,27;2024-01-11;Medicamentos Basicos;1;50
EMP-440;2024;2024-01-03;000001100001110;Obras Viarias RJ;42937,63;1;1378;1378;42937,63;2024-01-01;Reforma de Creche;1;110
EMP-441;2024;2024-01-06;00000080000180;Saude Vida Distribuidora;33233,48;1;1379;1379;33233,48;2024-01-11;Licencas de Software;1;80
EMP-442;2024;2024-01-12;00000040000140;Papelaria Central;4703,0;1;1380;1380;4703,0;2024-01-01;Reforma de Creche;1;40
EMP-443;2024;2024-01-16;00000010000110;TechServer Solucoes;39204,96;1;1381;1381;39204,96;2024-01-03;Servico de Vigilancia 24h;1;10
EMP-444;2024;2024-01-13;000001100001110;Obras Viarias RJ;42217,97;1;1382;1382;42217,97;2024-01-10;Manutencao de Ar Condicionado;1;110
EMP-445;2024;2024-01-06;000001000001100;Consultoria Estrategica;8895,3;1;1383;1383;8895,3;2024-01-03;Pavimentacao Rua X;1;100
EMP-446;2024;2024-01-07;00000060000160;Transportes Rapido;17493,89;1;1384;1384;17493,89;2024-01-02;Locacao de Veiculos;1;60
EMP-447;2024;2024-01-05;000001000001100;Consultoria Estrategica;27423,64;1;1385;1385;27423,64;2024-01-08;Locacao de Veiculos;1;100
EMP-448;2024;2024-01-09;00000020000120;ConstruRio Engenharia;10784,48;1;1386;1386;10784,48;2024-01-08;Medicamentos Basicos;1;20
EMP-449;2024;2024-01-16;00000070000170;Merenda Boa Alimentos;39398,23;1;1387;1387;39398,23;2024-01-04;Manutencao de Ar Condicionado;1;70
EMP-45;2024;2024-01-10;000001000001100;Consultoria Estrategica;10697,12;1;1388;1388;10697,12;2024-01-10;Servico de Vigilancia 24h;1;100
EMP-450;2024;2024-01-12;00000070000170;Merenda Boa Alimentos;2998,63;1;1389;1389;2998,63;2024-01-09;Locacao de Veiculos;1;70
EMP-451;2024;2024-01-04;00000090000190;Eventos & Promo;13714,04;1;1390;1390;13714,04;2024-01-05;Servico de Vigilancia 24h;1;90
EMP-452;2024;2024-01-14;000001200001120;TI Inovacao;43287,82;1;1391;1391;43287,82;2024-01-10;Manutencao de Ar Condicionado;1;120
EMP-453;2024;2024-01-12;00000010000110;TechServer Solucoes;10996,29;1;1392;1392;10996,29;2024-01-08;Locacao de Veiculos;1;10
EMP-454;2024;2024-01-10;000001100001110;Obras Viarias RJ;7556,76;1;1393;1393;7556,76;2024-01-03;Manutencao de Ar Condicionado;1;110
EMP-455;2024;2024-01-06;000001200001120;TI Inovacao;7295,0;1;1394;1394;7295,0;2024-01-05;Merenda Escolar - Lote 1;1;120
EMP-456;2024;2024-01-06;000001000001100;Consultoria Estrategica;13515,28;1;1395;1395;13515,28;2024-01-05;Merenda Escolar - Lote 1;1;100
EMP-457;2024;2024-01-19;000001200001120;TI Inovacao;36364,4;1;1396;1396;36364,4;2024-01-02;Medicamentos Basicos;1;120
EMP-458;2024;2024-01-10;00000050000150;Seguranca Total Ltda;26488,55;1;1397;1397;26488,55;2024-01-09;Manutencao de Ar Condicionado;1;50
EMP-459;2024;2024-01-16;00000070000170;Merenda Boa Alimentos;22737,79;1;1398;1398;22737,79;2024-01-10;Consultoria Financeira;1;70
EMP-46;2024;2024-01-19;00000040000140;Papelaria Central;18522,37;1;1399;1399;18522,37;2024-01-10;Merenda Escolar - Lote 1;1;40
EMP-460;2024;2024-01-11;00000010000110;TechServer Solucoes;28265,04;1;1400;1400;28265,04;2024-01-11;Servico de Vigilancia 24h;1;10
EMP-461;2024;2024-01-07;000001200001120;TI Inovacao;42523,58;1;1401;1401;42523,58;2024-01-03;Manutencao de Ar Condicionado;1;120
EMP-462;2024;2024-01-10;00000040000140;Papelaria Central;48071,25;1;1402;1402;48071,25;2024-01-03;Fornecimento de Papel A4;1;40
EMP-463;2024;2024-01-14;000001200001120;TI Inovacao;28408,13;1;1403;1403;28408,13;2024-01-02;Manutencao de Ar Condicionado;1;120
EMP-464;2024;2024-01-10;00000030000130;LimpMax Servicos;34966,86;1;1404;1404;34966,86;2024-01-08;Fornecimento de Papel A4;1;30
EMP-465;2024;2024-01-10;00000040000140;Papelaria Central;10022,69;1;1405;1405;10022,69;2024-01-06;Reforma de Creche;1;40
EMP-466;2024;2024-01-17;000001000001100;Consultoria Estrategica;18418,55;1;1406;1406;18418,55;2024-01-06;Locacao de Veiculos;1;100
EMP-467;2024;2024-01-06;00000090000190;Eventos & Promo;16903,03;1;1407;1407;16903,03;2024-01-09;Reforma de Creche;1;90
EMP-468;2024;2024-01-18;00000060000160;Transportes Rapido;48783,31;1;1408;1408;48783,31;2024-01-04;Licencas de Software;1;60
EMP-469;2024;2024-01-06;00000080000180;Saude Vida Distribuidora;7603,74;1;1409;1409;7603,74;2024-01-07;Consultoria Financeira;1;80
EMP-47;2024;2024-01-06;00000090000190;Eventos & Promo;6618,47;1;1410;1410;6618,47;2024-01-01;Reforma de Creche;1;90
EMP-470;2024;2024-01-10;00000030000130;LimpMax Servicos;30548,52;1;1411;1411;30548,52;2024-01-08;Pavimentacao Rua X;1;30
EMP-471;2024;2024-01-09;000001000001100;Consultoria Estrategica;31338,68;1;1412;1412;31338,68;2024-01-02;Licencas de Software;1;100
EMP-472;2024;2024-01-08;000001200001120;TI Inovacao;48896,17;1;1413;1413;48896,17;2024-01-02;Fornecimento de Papel A4;1;120
EMP-473;2024;2024-01-05;00000070000170;Merenda Boa Alimentos;18957,35;1;1414;1414;18957,35;2024-01-03;Merenda Escolar - Lote 1;1;70
EMP-474;2024;2024-01-09;00000040000140;Papelaria Central;44756,71;1;1415;1415;44756,71;2024-01-04;Medicamentos Basicos;1;40
EMP-475;2024;2024-01-18;00000040000140;Papelaria Central;3540,93;1;1416;1416;3540,93;2024-01-02;Manutencao de Ar Condicionado;1;40
EMP-476;2024;2024-01-15;00000070000170;Merenda Boa Alimentos;4274,48;1;1417;1417;4274,48;2024-01-04;Fornecimento de Papel A4;1;70
EMP-477;2024;2024-01-07;00000040000140;Papelaria Central;34329,27;1;1418;1418;34329,27;2024-01-04;Locacao de Veiculos;1;40
EMP-478;2024;2024-01-09;000001200001120;TI Inovacao;46350,93;1;1419;1419;46350,93;2024-01-03;Medicamentos Basicos;1;120
EMP-479;2024;2024-01-06;000001100001110;Obras Viarias RJ;35813,06;1;1420;1420;35813,06;2024-01-07;Consultoria Financeira;1;110
EMP-48;2024;2024-01-08;00000030000130;LimpMax Servicos;8183,79;1;1421;1421;8183,79;2024-01-02;Servico de Vigilancia 24h;1;30
EMP-480;2024;2024-01-10;00000080000180;Saude Vida Distribuidora;43772,13;1;1422;1422;43772,13;2024-01-02;Reforma de Creche;1;80
EMP-481;2024;2024-01-14;00000070000170;Merenda Boa Alimentos;27999,41;1;1423;1423;27999,41;2024-01-05;Manutencao de Ar Condicionado;1;70
EMP-482;2024;2024-01-09;000001100001110;Obras Viarias RJ;7737,12;1;1424;1424;7737,12;2024-01-05;Servico de Vigilancia 24h;1;110
EMP-483;2024;2024-01-12;00000010000110;TechServer Solucoes;34430,46;1;1425;1425;34430,46;2024-01-03;Manutencao de Ar Condicionado;1;10
EMP-484;2024;2024-01-11;00000080000180;Saude Vida Distribuidora;49232,11;1;1426;1426;49232,11;2024-01-06;Reforma de Creche;1;80
EMP-485;2024;2024-01-07;00000080000180;Saude Vida Distribuidora;38281,28;1;1427;1427;38281,28;2024-01-10;Manutencao de Ar Condicionado;1;80
EMP-486;2024;2024-01-13;00000090000190;Eventos & Promo;34314,19;1;1428;1428;34314,19;2024-01-02;Medicamentos Basicos;1;90
EMP-487;2024;2024-01-08;00000020000120;ConstruRio Engenharia;41229,51;1;1429;1429;41229,51;2024-01-04;Fornecimento de Papel A4;1;20
EMP-488;2024;2024-01-13;00000020000120;ConstruRio Engenharia;45603,04;1;1430;1430;45603,04;2024-01-03;Merenda Escolar - Lote 1;1;20
EMP-489;2024;2024-01-12;00000030000130;LimpMax Servicos;30105,05;1;1431;1431;30105,05;2024-01-02;Fornecimento de Papel A4;1;30
EMP-49;2024;2024-01-15;000001100001110;Obras Viarias RJ;27225,09;1;1432;1432;27225,09;2024-01-04;Servico de Vigilancia 24h;1;110
EMP-490;2024;2024-01-11;00000010000110;TechServer Solucoes;15707,09;1;1433;1433;15707,09;2024-01-04;Manutencao de Ar Condicionado;1;10
EMP-491;2024;2024-01-13;000001100001110;Obras Viarias RJ;26291,82;1;1434;1434;26291,82;2024-01-10;Locacao de Veiculos;1;110
EMP-492;2024;2024-01-03;00000030000130;LimpMax Servicos;6657,12;1;1435;1435;6657,12;2024-01-03;Medicamentos Basicos;1;30
EMP-493;2024;2024-01-12;000001200001120;TI Inovacao;36354,2;1;1436;1436;36354,2;2024-01-05;Medicamentos Basicos;1;120
EMP-494;2024;2024-01-16;000001100001110;Obras Viarias RJ;26341,87;1;1437;1437;26341,87;2024-01-10;Pavimentacao Rua X;1;110
EMP-495;2024;2024-01-11;000001000001100;Consultoria Estrategica;7163,43;1;1438;1438;7163,43;2024-01-04;Fornecimento de Papel A4;1;100
EMP-496;2024;2024-01-12;00000010000110;TechServer Solucoes;28062,43;1;1439;1439;28062,43;2024-01-10;Reforma de Creche;1;10
EMP-497;2024;2024-01-16;000001000001100;Consultoria Estrategica;37938,35;1;1440;1440;37938,35;2024-01-01;Servico de Vigilancia 24h;1;100
EMP-498;2024;2024-01-13;00000020000120;ConstruRio Engenharia;45353,13;1;1441;1441;45353,13;2024-01-03;Reforma de Creche;1;20
EMP-499;2024;2024-01-13;000001000001100;Consultoria Estrategica;44385,11;1;1442;1442;44385,11;2024-01-09;Locacao de Veiculos;1;100
EMP-5;2024;2024-01-10;00000050000150;Seguranca Total Ltda;4993,13;1;1443;1443;4993,13;2024-01-06;Fornecimento de Papel A4;1;50
EMP-50;2024;2024-01-10;000001200001120;TI Inovacao;43561,8;1;1444;1444;43561,8;2024-01-07;Reforma de Creche;1;120
EMP-500;2024;2024-01-20;00000090000190;Eventos & Promo;32756,47;1;1445;1445;32756,47;2024-01-02;Manutencao de Ar Condicionado;1;90
EMP-51;2024;2024-01-12;00000020000120;ConstruRio Engenharia;9283,84;1;1446;1446;9283,84;2024-01-06;Medicamentos Basicos;1;20
EMP-52;2024;2024-01-11;00000060000160;Transportes Rapido;20165,81;1;1447;1447;20165,81;2024-01-01;Reforma de Creche;1;60
EMP-53;2024;2024-01-15;00000050000150;Seguranca Total Ltda;44033,17;1;1448;1448;44033,17;2024-01-03;Licencas de Software;1;50
EMP-54;2024;2024-01-16;00000050000150;Seguranca Total Ltda;32643,77;1;1449;1449;32643,77;2024-01-10;Merenda Escolar - Lote 1;1;50
EMP-55;2024;2024-01-13;00000050000150;Seguranca Total Ltda;3531,01;1;1450;1450;3531,01;2024-01-11;Servico de Vigilancia 24h;1;50
EMP-56;2024;2024-01-14;00000030000130;LimpMax Servicos;38848,03;1;1451;1451;38848,03;2024-01-02;Reforma de Creche;1;30
EMP-57;2024;2024-01-16;00000090000190;Eventos & Promo;17644,96;1;1452;1452;17644,96;2024-01-11;Merenda Escolar - Lote 1;1;90
EMP-58;2024;2024-01-10;00000070000170;Merenda Boa Alimentos;31223,17;1;1453;1453;31223,17;2024-01-05;Merenda Escolar - Lote 1;1;70
EMP-59;2024;2024-01-07;00000070000170;Merenda Boa Alimentos;14001,34;1;1454;1454;14001,34;2024-01-07;Locacao de Veiculos;1;70
EMP-6;2024;2024-01-05;00000090000190;Eventos & Promo;28075,29;1;1455;1455;28075,29;2024-01-03;Pavimentacao Rua X;1;90
EMP-60;2024;2024-01-07;00000060000160;Transportes Rapido;27262,74;1;1456;1456;27262,74;2024-01-04;Licencas de Software;1;60
EMP-61;2024;2024-01-14;00000030000130;LimpMax Servicos;2576,18;1;1457;1457;2576,18;2024-01-09;Servico de Vigilancia 24h;1;30
EMP-62;2024;2024-01-12;000001100001110;Obras Viarias RJ;11103,5;1;1458;1458;11103,5;2024-01-05;Pavimentacao Rua X;1;110
EMP-63;2024;2024-01-09;00000080000180;Saude Vida Distribuidora;33853,96;1;1459;1459;33853,96;2024-01-11;Fornecimento de Papel A4;1;80
EMP-65;2024;2024-01-13;00000020000120;ConstruRio Engenharia;27623,54;1;1460;1460;27623,54;2024-01-03;Locacao de Veiculos;1;20
EMP-66;2024;2024-01-12;00000030000130;LimpMax Servicos;29987,1;1;1461;1461;29987,1;2024-01-05;Medicamentos Basicos;1;30
EMP-67;2024;2024-01-13;000001200001120;TI Inovacao;35668,67;1;1462;1462;35668,67;2024-01-04;Locacao de Veiculos;1;120
EMP-68;2024;2024-01-06;00000040000140;Papelaria Central;37699,0;1;1463;1463;37699,0;2024-01-07;Servico de Vigilancia 24h;1;40
EMP-69;2024;2024-01-20;00000080000180;Saude Vida Distribuidora;33480,87;1;1464;1464;33480,87;2024-01-01;Pavimentacao Rua X;1;80
EMP-7;2024;2024-01-10;00000090000190;Eventos & Promo;36589,26;1;1465;1465;36589,26;2024-01-03;Consultoria Financeira;1;90
EMP-70;2024;2024-01-09;00000010000110;TechServer Solucoes;28943,2;1;1466;1466;28943,2;2024-01-11;Fornecimento de Papel A4;1;10
EMP-71;2024;2024-01-17;00000010000110;TechServer Solucoes;31915,63;1;1467;1467;31915,63;2024-01-04;Licencas de Software;1;10
EMP-72;2024;2024-01-07;00000080000180;Saude Vida Distribuidora;27956,91;1;1468;1468;27956,91;2024-01-11;Reforma de Creche;1;80
EMP-73;2024;2024-01-10;00000080000180;Saude Vida Distribuidora;24388,91;1;1469;1469;24388,91;2024-01-02;Licencas de Software;1;80
EMP-74;2024;2024-01-05;00000080000180;Saude Vida Distribuidora;11465,83;1;1470;1470;11465,83;2024-01-02;Locacao de Veiculos;1;80
EMP-75;2024;2024-01-05;00000050000150;Seguranca Total Ltda;13290,47;1;1471;1471;13290,47;2024-01-08;Manutencao de Ar Condicionado;1;50
EMP-76;2024;2024-01-15;000001000001100;Consultoria Estrategica;26721,13;1;1472;1472;26721,13;2024-01-01;Fornecimento de Papel A4;1;100
EMP-77;2024;2024-01-12;00000090000190;Eventos & Promo;6026,9;1;1473;1473;6026,9;2024-01-02;Licencas de Software;1;90
EMP-78;2024;2024-01-20;00000040000140;Papelaria Central;4616,45;1;1474;1474;4616,45;2024-01-03;Pavimentacao Rua X;1;40
EMP-79;2024;2024-01-11;00000060000160;Transportes Rapido;37368,07;1;1475;1475;37368,07;2024-01-09;Manutencao de Ar Condicionado;1;60
EMP-8;2024;2024-01-20;00000010000110;TechServer Solucoes;39133,23;1;1476;1476;39133,23;2024-01-05;Servico de Vigilancia 24h;1;10
EMP-80;2024;2024-01-03;00000050000150;Seguranca Total Ltda;45524,57;1;1477;1477;45524,57;2024-01-03;Servico de Vigilancia 24h;1;50
EMP-81;2024;2024-01-16;000001000001100;Consultoria Estrategica;39935,73;1;1478;1478;39935,73;2024-01-05;Manutencao de Ar Condicionado;1;100
EMP-82;2024;2024-01-12;00000090000190;Eventos & Promo;42222,2;1;1479;1479;42222,2;2024-01-05;Merenda Escolar - Lote 1;1;90
EMP-83;2024;2024-01-20;00000030000130;LimpMax Servicos;33066,64;1;1480;1480;33066,64;2024-01-07;Merenda Escolar - Lote 1;1;30
EMP-84;2024;2024-01-21;000001100001110;Obras Viarias RJ;5998,6;1;1481;1481;5998,6;2024-01-09;Merenda Escolar - Lote 1;1;110
EMP-85;2024;2024-01-08;00000070000170;Merenda Boa Alimentos;17089,78;1;1482;1482;17089,78;2024-01-02;Licencas de Software;1;70
EMP-86;2024;2024-01-11;00000020000120;ConstruRio Engenharia;13400,54;1;1483;1483;13400,54;2024-01-07;Fornecimento de Papel A4;1;20
EMP-87;2024;2024-01-20;000001100001110;Obras Viarias RJ;24317,94;1;1484;1484;24317,94;2024-01-03;Servico de Vigilancia 24h;1;110
EMP-88;2024;2024-01-12;000001000001100;Consultoria Estrategica;12167,17;1;1485;1485;12167,17;2024-01-03;Manutencao de Ar Condicionado;1;100
EMP-89;2024;2024-01-10;00000010000110;TechServer Solucoes;1387,74;1;1486;1486;1387,74;2024-01-08;Reforma de Creche;1;10
EMP-9;2024;2024-01-15;00000090000190;Eventos & Promo;48848,1;1;1487;1487;48848,1;2024-01-05;Consultoria Financeira;1;90
EMP-90;2024;2024-01-07;000001000001100;Consultoria Estrategica;48327,34;1;1488;1488;48327,34;2024-01-07;Fornecimento de Papel A4;1;100
EMP-91;2024;2024-01-06;00000040000140;Papelaria Central;20161,94;1;1489;1489;20161,94;2024-01-08;Medicamentos Basicos;1;40
EMP-92;2024;2024-01-08;00000020000120;ConstruRio Engenharia;16639,79;1;1490;1490;16639,79;2024-01-07;Fornecimento de Papel A4;1;20
EMP-93;2024;2024-01-18;000001200001120;TI Inovacao;25340,64;1;1491;1491;25340,64;2024-01-03;Servico de Vigilancia 24h;1;120
EMP-94;2024;2024-01-16;00000030000130;LimpMax Servicos;49394,11;1;1492;1492;49394,11;2024-01-01;Servico de Vigilancia 24h;1;30
EMP-95;2024;2024-01-16;00000020000120;ConstruRio Engenharia;38379,95;1;1493;1493;38379,95;2024-01-07;Consultoria Financeira;1;20
EMP-96;2024;2024-01-11;00000040000140;Papelaria Central;36699,24;1;1494;1494;36699,24;2024-01-10;Medicamentos Basicos;1;40
EMP-97;2024;2024-01-17;00000080000180;Saude Vida Distribuidora;8818,86;1;1495;1495;8818,86;2024-01-01;Reforma de Creche;1;80
EMP-98;2024;2024-01-13;00000020000120;ConstruRio Engenharia;24023,5;1;1496;1496;24023,5;2024-01-07;Manutencao de Ar Condicionado;1;20
EMP-99;2024;2024-01-08;00000010000110;TechServer Solucoes;19812,64;1;1497;1497;19812,64;2024-01-07;Manutencao de Ar Condicionado;1;10
EMP-1;2024;2024-01-11;000001000001100;Consultoria Estrategica;34617,96;1;1001;1001;20980,58;2024-01-02;Reforma de Creche;1;100
EMP-10;2024;2024-01-13;00000020000120;ConstruRio Engenharia;42935,23;1;1002;1002;26021,35;2024-01-09;Consultoria Financeira;1;20
EMP-100;2024;2024-01-13;00000010000110;TechServer Solucoes;41884,34;1;1003;1003;25384,45;2024-01-06;Manutencao de Ar Condicionado;1;10
EMP-102;2024;2024-01-06;000001000001100;Consultoria Estrategica;51035,85;1;1005;1005;30930,82;2024-01-09;Medicamentos Basicos;1;100
EMP-103;2024;2024-01-09;00000040000140;Papelaria Central;44659,05;1;1006;1006;27066,09;2024-01-04;Pavimentacao Rua X;1;40
EMP-104;2024;2024-01-15;000001200001120;TI Inovacao;2084,35;1;1007;1007;1263,24;2024-01-07;Servico de Vigilancia 24h;1;120
EMP-105;2024;2024-01-12;00000040000140;Papelaria Central;6306,38;1;1008;1008;3822,05;2024-01-11;Pavimentacao Rua X;1;40
EMP-106;2024;2024-01-06;00000040000140;Papelaria Central;48008,98;1;1009;1009;29096,35;2024-01-07;Consultoria Financeira;1;40
EMP-107;2024;2024-01-11;00000090000190;Eventos & Promo;21213,67;1;1010;1010;12856,77;2024-01-07;Medicamentos Basicos;1;90
EMP-108;2024;2024-01-11;00000090000190;Eventos & Promo;78447,83;1;1011;1011;47544,14;2024-01-10;Medicamentos Basicos;1;90
EMP-109;2024;2024-01-13;00000010000110;TechServer Solucoes;10983,92;1;1012;1012;6656,92;2024-01-07;Manutencao de Ar Condicionado;1;10
EMP-11;2024;2024-01-14;00000080000180;Saude Vida Distribuidora;82476,26;1;1013;1013;49985,61;2024-01-02;Licencas de Software;1;80
EMP-110;2024;2024-01-10;000001100001110;Obras Viarias RJ;61687,84;1;1014;1014;37386,57;2024-01-02;Locacao de Veiculos;1;110
EMP-111;2024;2024-01-11;000001100001110;Obras Viarias RJ;74097,61;1;1015;1015;44907,64;2024-01-06;Consultoria Financeira;1;110
EMP-112;2024;2024-01-16;00000070000170;Merenda Boa Alimentos;60054,67;1;1016;1016;36396,77;2024-01-04;Locacao de Veiculos;1;70
EMP-113;2024;2024-01-15;00000070000170;Merenda Boa Alimentos;12906,43;1;1017;1017;7822,08;2024-01-09;Reforma de Creche;1;70
EMP-114;2024;2024-01-07;00000030000130;LimpMax Servicos;30705,51;1;1018;1018;18609,4;2024-01-09;Merenda Escolar - Lote 1;1;30
EMP-115;2024;2024-01-04;00000050000150;Seguranca Total Ltda;28756,1;1;1019;1019;17427,94;2024-01-02;Medicamentos Basicos;1;50
EMP-117;2024;2024-01-08;00000050000150;Seguranca Total Ltda;75316,89;1;1021;1021;45646,6;2024-01-05;Consultoria Financeira;1;50
EMP-118;2024;2024-01-15;000001200001120;TI Inovacao;66006,52;1;1022;1022;40003,95;2024-01-08;Manutencao de Ar Condicionado;1;120
EMP-119;2024;2024-01-06;00000060000160;Transportes Rapido;65227,12;1;1023;1023;39531,59;2024-01-11;Merenda Escolar - Lote 1;1;60
EMP-120;2024;2024-01-14;00000070000170;Merenda Boa Alimentos;24275,39;1;1024;1024;14712,36;2024-01-07;Servico de Vigilancia 24h;1;70
EMP-121;2024;2024-01-08;00000090000190;Eventos & Promo;12431,55;1;1025;1025;7534,27;2024-01-05;Fornecimento de Papel A4;1;90
EMP-122;2024;2024-01-15;00000030000130;LimpMax Servicos;80642,35;1;1026;1026;48874,15;2024-01-06;Manutencao de Ar Condicionado;1;30
EMP-123;2024;2024-01-07;00000060000160;Transportes Rapido;60811,53;1;1027;1027;36855,47;2024-01-11;Fornecimento de Papel A4;1;60
EMP-124;2024;2024-01-09;00000050000150;Seguranca Total Ltda;7679,84;1;1028;1028;4654,45;2024-01-08;Consultoria Financeira;1;50
EMP-125;2024;2024-01-10;00000090000190;Eventos & Promo;39745,46;1;1029;1029;24088,16;2024-01-11;Fornecimento de Papel A4;1;90
EMP-126;2024;2024-01-13;000001100001110;Obras Viarias RJ;47474,21;1;1030;1030;28772,25;2024-01-09;Merenda Escolar - Lote 1;1;110
EMP-127;2024;2024-01-14;00000030000130;LimpMax Servicos;62585,77;1;1031;1031;37930,77;2024-01-04;Manutencao de Ar Condicionado;1;30
EMP-128;2024;2024-01-14;000001000001100;Consultoria Estrategica;27344,56;1;1032;1032;16572,46;2024-01-08;Servico de Vigilancia 24h;1;100
EMP-129;2024;2024-01-12;000001100001110;Obras Viarias RJ;33248,08;1;1033;1033;20150,35;2024-01-10;Servico de Vigilancia 24h;1;110
EMP-130;2024;2024-01-13;000001000001100;Consultoria Estrategica;64361,52;1;1035;1035;39006,98;2024-01-05;Manutencao de Ar Condicionado;1;100
EMP-131;2024;2024-01-10;00000050000150;Seguranca Total Ltda;59604,34;1;1036;1036;36123,84;2024-01-08;Consultoria Financeira;1;50
EMP-133;2024;2024-01-12;000001100001110;Obras Viarias RJ;76590,81;1;1038;1038;46418,67;2024-01-11;Pavimentacao Rua X;1;110
EMP-134;2024;2024-01-09;000001200001120;TI Inovacao;48267,33;1;1039;1039;29252,93;2024-01-09;Consultoria Financeira;1;120
EMP-135;2024;2024-01-02;00000060000160;Transportes Rapido;49246,44;1;1040;1040;29846,33;2024-01-03;Medicamentos Basicos;1;60
EMP-136;2024;2024-01-07;000001200001120;TI Inovacao;57713,42;1;1041;1041;34977,83;2024-01-10;Servico de Vigilancia 24h;1;120
EMP-137;2024;2024-01-13;00000020000120;ConstruRio Engenharia;34949,31;1;1042;1042;21181,4;2024-01-05;Manutencao de Ar Condicionado;1;20
EMP-138;2024;2024-01-04;000001200001120;TI Inovacao;50481,26;1;1043;1043;30594,7;2024-01-05;Merenda Escolar - Lote 1;1;120
EMP-14;2024;2024-01-10;00000080000180;Saude Vida Distribuidora;56534,15;1;1045;1045;34263,12;2024-01-05;Servico de Vigilancia 24h;1;80
EMP-140;2024;2024-01-12;00000060000160;Transportes Rapido;81629,94;1;1046;1046;49472,69;2024-01-10;Pavimentacao Rua X;1;60
EMP-141;2024;2024-01-11;00000070000170;Merenda Boa Alimentos;43064,04;1;1047;1047;26099,42;2024-01-01;Servico de Vigilancia 24h;1;70
EMP-142;2024;2024-01-04;000001000001100;Consultoria Estrategica;32380,94;1;1048;1048;19624,81;2024-01-02;Servico de Vigilancia 24h;1;100
EMP-143;2024;2024-01-11;00000040000140;Papelaria Central;15349,36;1;1049;1049;9302,64;2024-01-10;Reforma de Creche;1;40
EMP-144;2024;2024-01-12;000001100001110;Obras Viarias RJ;22655,04;1;1050;1050;13730,33;2024-01-05;Merenda Escolar - Lote 1;1;110
EMP-145;2024;2024-01-21;00000070000170;Merenda Boa Alimentos;68498,2;1;1051;1051;41514,06;2024-01-08;Fornecimento de Papel A4;1;70
EMP-146;2024;2024-01-13;00000080000180;Saude Vida Distribuidora;16810,76;1;1052;1052;10188,34;2024-01-06;Pavimentacao Rua X;1;80
EMP-147;2024;2024-01-09;000001000001100;Consultoria Estrategica;43359,82;1;1053;1053;26278,68;2024-01-06;Fornecimento de Papel A4;1;100
EMP-149;2024;2024-01-12;00000050000150;Seguranca Total Ltda;23871,47;1;1055;1055;14467,56;2024-01-04;Servico de Vigilancia 24h;1;50
EMP-15;2024;2024-01-08;00000090000190;Eventos & Promo;62398,45;1;1056;1056;37817,24;2024-01-10;Reforma de Creche;1;90
EMP-150;2024;2024-01-12;00000050000150;Seguranca Total Ltda;4264,71;1;1057;1057;2584,67;2024-01-09;Pavimentacao Rua X;1;50
EMP-151;2024;2024-01-07;00000060000160;Transportes Rapido;65398,92;1;1058;1058;39635,71;2024-01-03;Fornecimento de Papel A4;1;60
EMP-152;2024;2024-01-16;00000040000140;Papelaria Central;33803,07;1;1059;1059;20486,71;2024-01-05;Merenda Escolar - Lote 1;1;40
EMP-153;2024;2024-01-08;000001000001100;Consultoria Estrategica;44748,0;1;1060;1060;27120,0;2024-01-06;Locacao de Veiculos;1;100
EMP-154;2024;2024-01-08;000001000001100;Consultoria Estrategica;39586,34;1;1061;1061;23991,72;2024-01-05;Consultoria Financeira;1;100
EMP-155;2024;2024-01-09;00000010000110;TechServer Solucoes;50128,88;1;1062;1062;30381,14;2024-01-02;Merenda Escolar - Lote 1;1;10
EMP-156;2024;2024-01-14;00000020000120;ConstruRio Engenharia;75599,37;1;1063;1063;45817,8;2024-01-01;Licencas de Software;1;20
EMP-157;2024;2024-01-12;000001000001100;Consultoria Estrategica;67238,28;1;1064;1064;40750,47;2024-01-03;Consultoria Financeira;1;100
EMP-158;2024;2024-01-11;00000020000120;ConstruRio Engenharia;61731,14;1;1065;1065;37412,81;2024-01-10;Fornecimento de Papel A4;1;20
EMP-159;2024;2024-01-10;00000080000180;Saude Vida Distribuidora;55556,95;1;1066;1066;33670,88;2024-01-04;Fornecimento de Papel A4;1;80
EMP-160;2024;2024-01-21;00000090000190;Eventos & Promo;7278,88;1;1068;1068;4411,44;2024-01-05;Fornecimento de Papel A4;1;90
EMP-161;2024;2024-01-14;00000060000160;Transportes Rapido;43379,74;1;1069;1069;26290,75;2024-01-10;Pavimentacao Rua X;1;60
EMP-162;2024;2024-01-17;000001000001100;Consultoria Estrategica;35641,47;1;1070;1070;21600,89;2024-01-07;Fornecimento de Papel A4;1;100
EMP-163;2024;2024-01-19;000001100001110;Obras Viarias RJ;16537,37;1;1071;1071;10022,65;2024-01-07;Medicamentos Basicos;1;110
EMP-164;2024;2024-01-10;00000070000170;Merenda Boa Alimentos;42823,44;1;1072;1072;25953,6;2024-01-06;Merenda Escolar - Lote 1;1;70
EMP-165;2024;2024-01-19;00000040000140;Papelaria Central;57367,76;1;1073;1073;34768,34;2024-01-05;Medicamentos Basicos;1;40
EMP-166;2024;2024-01-04;00000080000180;Saude Vida Distribuidora;20642,44;1;1074;1074;12510,57;2024-01-01;Servico de Vigilancia 24h;1;80
EMP-167;2024;2024-01-11;00000080000180;Saude Vida Distribuidora;52575,44;1;1075;1075;31863,9;2024-01-01;Consultoria Financeira;1;80
EMP-168;2024;2024-01-13;00000080000180;Saude Vida Distribuidora;8884,69;1;1076;1076;5384,66;2024-01-11;Servico de Vigilancia 24h;1;80
EMP-169;2024;2024-01-08;00000080000180;Saude Vida Distribuidora;39317,45;1;1077;1077;23828,76;2024-01-03;Medicamentos Basicos;1;80
EMP-170;2024;2024-01-14;000001000001100;Consultoria Estrategica;36339,37;1;1079;1079;22023,86;2024-01-04;Licencas de Software;1;100
EMP-172;2024;2024-01-07;00000050000150;Seguranca Total Ltda;43543,8;1;1081;1081;26390,18;2024-01-06;Locacao de Veiculos;1;50
EMP-174;2024;2024-01-11;00000070000170;Merenda Boa Alimentos;25024,03;1;1083;1083;15166,08;2024-01-10;Merenda Escolar - Lote 1;1;70
EMP-175;2024;2024-01-14;000001000001100;Consultoria Estrategica;56580,02;1;1084;1084;34290,92;2024-01-11;Manutencao de Ar Condicionado;1;100
EMP-176;2024;2024-01-13;000001100001110;Obras Viarias RJ;17042,03;1;1085;1085;10328,5;2024-01-07;Locacao de Veiculos;1;110
EMP-177;2024;2024-01-07;00000080000180;Saude Vida Distribuidora;48474,79;1;1086;1086;29378,66;2024-01-10;Medicamentos Basicos;1;80
EMP-178;2024;2024-01-12;00000010000110;TechServer Solucoes;40180,55;1;1087;1087;24351,85;2024-01-11;Servico de Vigilancia 24h;1;10
EMP-179;2024;2024-01-15;00000080000180;Saude Vida Distribuidora;25227,51;1;1088;1088;15289,4;2024-01-10;Consultoria Financeira;1;80
EMP-18;2024;2024-01-14;00000040000140;Papelaria Central;4553,19;1;1089;1089;2759,51;2024-01-05;Pavimentacao Rua X;1;40
EMP-180;2024;2024-01-17;00000040000140;Papelaria Central;76818,47;1;1090;1090;46556,65;2024-01-01;Merenda Escolar - Lote 1;1;40
EMP-181;2024;2024-01-15;00000090000190;Eventos & Promo;40264,39;1;1091;1091;24402,66;2024-01-05;Medicamentos Basicos;1;90
EMP-183;2024;2024-01-11;00000050000150;Seguranca Total Ltda;42510,8;1;1093;1093;25764,12;2024-01-11;Merenda Escolar - Lote 1;1;50
EMP-185;2024;2024-01-15;000001100001110;Obras Viarias RJ;41525,57;1;1095;1095;25167,01;2024-01-07;Consultoria Financeira;1;110
EMP-186;2024;2024-01-11;00000030000130;LimpMax Servicos;63867,95;1;1096;1096;38707,85;2024-01-07;Fornecimento de Papel A4;1;30
EMP-187;2024;2024-01-13;00000090000190;Eventos & Promo;31510,13;1;1097;1097;19097,05;2024-01-08;Medicamentos Basicos;1;90
EMP-188;2024;2024-01-06;00000030000130;LimpMax Servicos;69618,57;1;1098;1098;42193,07;2024-01-11;Merenda Escolar - Lote 1;1;30
EMP-189;2024;2024-01-16;00000010000110;TechServer Solucoes;77689,26;1;1099;1099;47084,4;2024-01-02;Manutencao de Ar Condicionado;1;10
EMP-19;2024;2024-01-05;00000090000190;Eventos & Promo;17109,77;1;1100;1100;10369,56;2024-01-07;Manutencao de Ar Condicionado;1;90
EMP-190;2024;2024-01-10;00000030000130;LimpMax Servicos;47701,5;1;1101;1101;28910,0;2024-01-02;Reforma de Creche;1;30
EMP-191;2024;2024-01-04;00000090000190;Eventos & Promo;14475,27;1;1102;1102;8772,89;2024-01-05;Medicamentos Basicos;1;90
EMP-192;2024;2024-01-11;000001000001100;Consultoria Estrategica;12870,48;1;1103;1103;7800,29;2024-01-05;Licencas de Software;1;100
EMP-193;2024;2024-01-08;00000070000170;Merenda Boa Alimentos;37666,15;1;1104;1104;22827,97;2024-01-06;Manutencao de Ar Condicionado;1;70
EMP-194;2024;2024-01-12;00000010000110;TechServer Solucoes;48784,77;1;1105;1105;29566,53;2024-01-05;Manutencao de Ar Condicionado;1;10
EMP-195;2024;2024-01-09;00000050000150;Seguranca Total Ltda;74360,4;1;1106;1106;45066,91;2024-01-01;Consultoria Financeira;1;50
EMP-196;2024;2024-01-13;00000080000180;Saude Vida Distribuidora;2502,92;1;1107;1107;1516,92;2024-01-10;Manutencao de Ar Condicionado;1;80
EMP-197;2024;2024-01-13;00000010000110;TechServer Solucoes;19939,71;1;1108;1108;12084,67;2024-01-03;Merenda Escolar - Lote 1;1;10
EMP-198;2024;2024-01-11;00000070000170;Merenda Boa Alimentos;61686,69;1;1109;1109;37385,87;2024-01-09;Pavimentacao Rua X;1;70
EMP-199;2024;2024-01-12;00000020000120;ConstruRio Engenharia;3266,16;1;1110;1110;1979,49;2024-01-01;Consultoria Financeira;1;20
EMP-2;2024;2024-01-16;00000010000110;TechServer Solucoes;19621,16;1;1111;1111;11891,61;2024-01-03;Servico de Vigilancia 24h;1;10
EMP-20;2024;2024-01-12;00000020000120;ConstruRio Engenharia;34746,79;1;1112;1112;21058,66;2024-01-06;Licencas de Software;1;20
EMP-200;2024;2024-01-09;00000030000130;LimpMax Servicos;67577,3;1;1113;1113;40955,94;2024-01-10;Merenda Escolar - Lote 1;1;30
EMP-201;2024;2024-01-06;00000010000110;TechServer Solucoes;79355,66;1;1114;1114;48094,34;2024-01-06;Locacao de Veiculos;1;10
EMP-202;2024;2024-01-15;00000070000170;Merenda Boa Alimentos;77492,75;1;1115;1115;46965,3;2024-01-01;Servico de Vigilancia 24h;1;70
EMP-204;2024;2024-01-16;000001000001100;Consultoria Estrategica;35944,1;1;1117;1117;21784,3;2024-01-01;Reforma de Creche;1;100
EMP-205;2024;2024-01-17;00000050000150;Seguranca Total Ltda;61296,84;1;1118;1118;37149,6;2024-01-08;Consultoria Financeira;1;50
EMP-206;2024;2024-01-12;00000050000150;Seguranca Total Ltda;40342,02;1;1119;1119;24449,71;2024-01-04;Manutencao de Ar Condicionado;1;50
EMP-207;2024;2024-01-14;00000060000160;Transportes Rapido;54324,17;1;1120;1120;32923,74;2024-01-08;Merenda Escolar - Lote 1;1;60
EMP-208;2024;2024-01-05;00000080000180;Saude Vida Distribuidora;29820,53;1;1121;1121;18073,05;2024-01-05;Manutencao de Ar Condicionado;1;80
EMP-209;2024;2024-01-18;00000010000110;TechServer Solucoes;71324,53;1;1122;1122;43226,99;2024-01-09;Medicamentos Basicos;1;10
EMP-21;2024;2024-01-06;000001200001120;TI Inovacao;25658,57;1;1123;1123;15550,65;2024-01-05;Servico de Vigilancia 24h;1;120
EMP-210;2024;2024-01-07;000001200001120;TI Inovacao;31969,36;1;1124;1124;19375,37;2024-01-08;Licencas de Software;1;120
EMP-211;2024;2024-01-12;00000030000130;LimpMax Servicos;64634,91;1;1125;1125;39172,67;2024-01-07;Medicamentos Basicos;1;30
EMP-212;2024;2024-01-14;000001200001120;TI Inovacao;7624,44;1;1126;1126;4620,87;2024-01-04;Servico de Vigilancia 24h;1;120
EMP-213;2024;2024-01-11;00000020000120;ConstruRio Engenharia;55758,35;1;1127;1127;33792,94;2024-01-04;Locacao de Veiculos;1;20
EMP-214;2024;2024-01-14;000001100001110;Obras Viarias RJ;39847,02;1;1128;1128;24149,71;2024-01-08;Consultoria Financeira;1;110
EMP-215;2024;2024-01-07;00000090000190;Eventos & Promo;3948,37;1;1129;1129;2392,95;2024-01-02;Servico de Vigilancia 24h;1;90
EMP-216;2024;2024-01-12;00000060000160;Transportes Rapido;42642,57;1;1130;1130;25843,98;2024-01-06;Reforma de Creche;1;60
EMP-217;2024;2024-01-07;00000070000170;Merenda Boa Alimentos;53474,57;1;1131;1131;32408,83;2024-01-03;Locacao de Veiculos;1;70
EMP-218;2024;2024-01-13;00000070000170;Merenda Boa Alimentos;40201,11;1;1132;1132;24364,31;2024-01-09;Fornecimento de Papel A4;1;70
EMP-219;2024;2024-01-07;000001000001100;Consultoria Estrategica;74175,57;1;1133;1133;44954,89;2024-01-02;Fornecimento de Papel A4;1;100
EMP-22;2024;2024-01-12;00000090000190;Eventos & Promo;72455,66;1;1134;1134;43912,52;2024-01-03;Reforma de Creche;1;90
EMP-220;2024;2024-01-15;00000040000140;Papelaria Central;5618,56;1;1135;1135;3405,19;2024-01-01;Locacao de Veiculos;1;40
EMP-221;2024;2024-01-18;00000070000170;Merenda Boa Alimentos;74704,51;1;1136;1136;45275,46;2024-01-06;Consultoria Financeira;1;70
EMP-116;2024;2024-01-09;00000090000190;Eventos & Promo;59765,46;1;1020;1020;36221,49;2024-01-03;Locacao de Veiculos;1;90
EMP-132;2024;2024-01-14;000001200001120;TI Inovacao;18730,54;1;1037;1037;11351,84;2024-01-04;Merenda Escolar - Lote 1;1;120
EMP-139;2024;2024-01-16;00000070000170;Merenda Boa Alimentos;50318,68;1;1044;1044;30496,17;2024-01-02;Consultoria Financeira;1;70
EMP-148;2024;2024-01-10;00000080000180;Saude Vida Distribuidora;45820,19;1;1054;1054;27769,81;2024-01-11;Consultoria Financeira;1;80
EMP-171;2024;2024-01-12;00000080000180;Saude Vida Distribuidora;51075,96;1;1080;1080;30955,13;2024-01-02;Reforma de Creche;1;80
EMP-184;2024;2024-01-10;00000050000150;Seguranca Total Ltda;66390,01;1;1094;1094;40236,37;2024-01-06;Fornecimento de Papel A4;1;50
EMP-203;2024;2024-01-14;00000070000170;Merenda Boa Alimentos;37626,22;1;1116;1116;22803,77;2024-01-03;Reforma de Creche;1;70
EMP-222;2024;2024-01-16;00000080000180;Saude Vida Distribuidora;26863,12;1;1137;1137;16280,68;2024-01-06;Pavimentacao Rua X;1;80
EMP-223;2024;2024-01-09;000001200001120;TI Inovacao;65124,76;1;1138;1138;39469,55;2024-01-01;Reforma de Creche;1;120
EMP-224;2024;2024-01-08;00000010000110;TechServer Solucoes;82166,98;1;1139;1139;49798,17;2024-01-11;Consultoria Financeira;1;10
EMP-225;2024;2024-01-08;00000020000120;ConstruRio Engenharia;2519,62;1;1140;1140;1527,04;2024-01-11;Pavimentacao Rua X;1;20
EMP-226;2024;2024-01-17;00000070000170;Merenda Boa Alimentos;54726,06;1;1141;1141;33167,31;2024-01-08;Servico de Vigilancia 24h;1;70
EMP-227;2024;2024-01-10;00000030000130;LimpMax Servicos;22783,81;1;1142;1142;13808,37;2024-01-02;Pavimentacao Rua X;1;30
EMP-228;2024;2024-01-15;000001100001110;Obras Viarias RJ;38503,23;1;1143;1143;23335,29;2024-01-09;Reforma de Creche;1;110
EMP-229;2024;2024-01-13;00000040000140;Papelaria Central;79436,15;1;1144;1144;48143,12;2024-01-05;Manutencao de Ar Condicionado;1;40
EMP-230;2024;2024-01-10;00000020000120;ConstruRio Engenharia;14292,6;1;1146;1146;8662,18;2024-01-04;Locacao de Veiculos;1;20
EMP-231;2024;2024-01-07;00000070000170;Merenda Boa Alimentos;80564,57;1;1147;1147;48827,01;2024-01-07;Locacao de Veiculos;1;70
EMP-232;2024;2024-01-17;00000010000110;TechServer Solucoes;61789,83;1;1148;1148;37448,38;2024-01-01;Servico de Vigilancia 24h;1;10
EMP-233;2024;2024-01-14;00000070000170;Merenda Boa Alimentos;11616,51;1;1149;1149;7040,31;2024-01-11;Locacao de Veiculos;1;70
EMP-234;2024;2024-01-18;00000050000150;Seguranca Total Ltda;60659,58;1;1150;1150;36763,38;2024-01-03;Pavimentacao Rua X;1;50
EMP-101;2024;2024-01-05;00000080000180;Saude Vida Distribuidora;26274,91;1;1004;1004;15924,19;2024-01-09;Merenda Escolar - Lote 1;1;80
EMP-16;2024;2024-01-05;00000060000160;Transportes Rapido;56024,15;1;1067;1067;33954,03;2024-01-05;Consultoria Financeira;1;60
EMP-17;2024;2024-01-19;00000070000170;Merenda Boa Alimentos;23495,36;1;1078;1078;14239,61;2024-01-10;Medicamentos Basicos;1;70
EMP-173;2024;2024-01-18;00000060000160;Transportes Rapido;64025,46;1;1082;1082;38803,31;2024-01-08;Locacao de Veiculos;1;60
EMP-182;2024;2024-01-19;000001000001100;Consultoria Estrategica;54818,49;1;1092;1092;33223,33;2024-01-01;Locacao de Veiculos;1;100
EMP-23;2024;2024-01-13;00000080000180;Saude Vida Distribuidora;33336,04;1;1145;1145;20203,66;2024-01-11;Servico de Vigilancia 24h;1;80
